Model,MAE,RMSE,sMAPE
Random Forest (tuned),99.05830103742628,148.6561857442093,22.14825027812866
XGBoost (tuned),102.43470458984375,151.2703514446311,22.88803930017962
