Model,MAE,RMSE,sMAPE
Prophet Additive,98.35812955750713,150.46909176906706,21.93493835075493
ETS,98.42344842914801,150.4128069771925,21.95346325612051
Theta,98.72088321362241,150.03847343353254,22.021881065365186
SARIMA,98.96450125037929,149.997704171094,22.086330619778845
ARIMA,116.41399321987812,162.19684040447078,25.9852665027976
NaiveSeasonal,180.73333333333332,233.084867710359,51.950032301069434
