Model,MAE,RMSE,sMAPE
Random Forest,106.33151851851851,152.84440894033705,23.681669067796633
XGBoost,111.52606913248698,157.44557306574214,24.784602944670638
Linear Regression,129.55761012281715,182.36405165527398,31.013209986014367
